video-2,0,0,NoLight
video-2,1,0,NoLight
video-2,2,0,NoLight
video-2,3,0,NoLight
video-2,4,0,NoLight
video-2,5,0,NoLight
video-2,6,0,NoLight
video-2,7,0,NoLight
video-2,8,0,NoLight
video-2,9,0,NoLight
video-2,10,0,NoLight
video-2,11,0,NoLight
video-2,12,0,NoLight
video-2,13,0,NoLight
video-2,14,0,NoLight
video-2,15,0,NoLight
video-2,16,0,NoLight
video-2,17,0,NoLight
video-2,18,1,Light
video-2,19,1,Light
video-2,20,1,Light
video-2,21,1,Light
video-2,22,1,Light
video-2,23,1,Light
video-2,24,1,Light
video-2,25,0,NoLight
video-2,26,0,NoLight
video-2,27,0,NoLight
video-2,28,0,NoLight
video-2,29,0,NoLight
video-2,30,0,NoLight
video-2,31,0,NoLight
video-2,32,0,NoLight
video-2,33,0,NoLight
video-2,34,0,NoLight
video-2,35,0,NoLight
video-2,36,0,NoLight
video-2,37,0,NoLight
video-2,38,0,NoLight
video-2,39,0,NoLight
video-2,40,0,NoLight
video-2,41,0,NoLight
video-2,42,0,NoLight
video-2,43,0,NoLight
video-2,44,0,NoLight
video-2,45,0,NoLight
video-2,46,0,NoLight
video-2,47,0,NoLight
video-2,48,0,NoLight
video-2,49,0,NoLight
video-2,50,0,NoLight
video-2,51,0,NoLight
video-2,52,0,NoLight
video-2,53,0,NoLight
video-2,54,0,NoLight
video-2,55,0,NoLight
video-2,56,0,NoLight
video-2,57,0,NoLight
video-2,58,0,NoLight
video-2,59,0,NoLight
video-2,60,0,NoLight
video-2,61,0,NoLight
video-2,62,0,NoLight
video-2,63,0,NoLight
video-2,64,0,NoLight
video-2,65,0,NoLight
video-2,66,0,NoLight
video-2,67,0,NoLight
video-2,68,0,NoLight
video-2,69,0,NoLight
video-2,70,0,NoLight
video-2,71,0,NoLight
video-2,72,0,NoLight
video-2,73,0,NoLight
video-2,74,0,NoLight
video-2,75,0,NoLight
video-2,76,0,NoLight
video-2,77,0,NoLight
video-2,78,0,NoLight
video-2,79,0,NoLight
video-2,80,0,NoLight
video-2,81,0,NoLight
video-2,82,0,NoLight
video-2,83,0,NoLight
video-2,84,0,NoLight
video-2,85,0,NoLight
video-2,86,0,NoLight
video-2,87,0,NoLight
video-2,88,0,NoLight
video-2,89,0,NoLight
video-2,90,0,NoLight
video-2,91,0,NoLight
video-2,92,0,NoLight
video-2,93,0,NoLight
video-2,94,0,NoLight
video-2,95,0,NoLight
video-2,96,0,NoLight
video-2,97,0,NoLight
video-2,98,0,NoLight
video-2,99,0,NoLight
video-2,100,0,NoLight
video-2,101,0,NoLight
video-2,102,0,NoLight
video-2,103,0,NoLight
video-2,104,0,NoLight
video-2,105,0,NoLight
video-2,106,0,NoLight
video-2,107,0,NoLight
video-2,108,0,NoLight
video-2,109,0,NoLight
video-2,110,0,NoLight
video-2,111,0,NoLight
video-2,112,0,NoLight
video-2,113,0,NoLight
video-2,114,0,NoLight
video-2,115,0,NoLight
video-2,116,0,NoLight
video-2,117,0,NoLight
video-2,118,0,NoLight
video-2,119,0,NoLight
video-2,120,0,NoLight
video-2,121,0,NoLight
video-2,122,0,NoLight
video-2,123,0,NoLight
video-2,124,0,NoLight
video-2,125,0,NoLight
video-2,126,0,NoLight
video-2,127,0,NoLight
video-2,128,0,NoLight
video-2,129,0,NoLight
video-2,130,0,NoLight
video-2,131,0,NoLight
video-2,132,0,NoLight
video-2,133,0,NoLight
video-2,134,0,NoLight
video-2,135,0,NoLight
video-2,136,0,NoLight
video-2,137,0,NoLight
video-2,138,0,NoLight
video-2,139,0,NoLight
video-2,140,0,NoLight
video-2,141,0,NoLight
video-2,142,0,NoLight
video-2,143,0,NoLight
video-2,144,0,NoLight
video-2,145,0,NoLight
video-2,146,0,NoLight
video-2,147,0,NoLight
video-2,148,0,NoLight
video-2,149,0,NoLight
video-2,150,0,NoLight
video-2,151,0,NoLight
video-2,152,0,NoLight
video-2,153,0,NoLight
video-2,154,0,NoLight
video-2,155,0,NoLight
video-2,156,0,NoLight
video-2,157,0,NoLight
video-2,158,0,NoLight
video-2,159,0,NoLight
video-2,160,0,NoLight
video-2,161,0,NoLight
video-2,162,0,NoLight
video-2,163,0,NoLight
video-2,164,0,NoLight
video-2,165,0,NoLight
video-2,166,0,NoLight
video-2,167,0,NoLight
video-2,168,0,NoLight
video-2,169,0,NoLight
video-2,170,0,NoLight
video-2,171,0,NoLight
video-2,172,0,NoLight
video-2,173,0,NoLight
video-2,174,0,NoLight
video-2,175,0,NoLight
video-2,176,0,NoLight
video-2,177,0,NoLight
video-2,178,0,NoLight
video-2,179,0,NoLight
video-2,180,0,NoLight
video-2,181,0,NoLight
video-2,182,0,NoLight
video-2,183,0,NoLight
video-2,184,0,NoLight
video-2,185,0,NoLight
video-2,186,0,NoLight
video-2,187,0,NoLight
video-2,188,0,NoLight
video-2,189,0,NoLight
video-2,190,0,NoLight
video-2,191,0,NoLight
video-2,192,0,NoLight
video-2,193,0,NoLight
video-2,194,0,NoLight
video-2,195,0,NoLight
video-2,196,0,NoLight
video-2,197,0,NoLight
video-2,198,0,NoLight
video-2,199,0,NoLight
video-2,200,0,NoLight
video-2,201,0,NoLight
video-2,202,0,NoLight
video-2,203,0,NoLight
video-2,204,0,NoLight
video-2,205,0,NoLight
video-2,206,0,NoLight
video-2,207,0,NoLight
video-2,208,0,NoLight
video-2,209,0,NoLight
video-2,210,0,NoLight
video-2,211,0,NoLight
video-2,212,0,NoLight
video-2,213,0,NoLight
video-2,214,0,NoLight
video-2,215,0,NoLight
video-2,216,0,NoLight
video-2,217,0,NoLight
video-2,218,0,NoLight
video-2,219,0,NoLight
video-2,220,0,NoLight
video-2,221,0,NoLight
video-2,222,0,NoLight
video-2,223,0,NoLight
video-2,224,0,NoLight
video-2,225,0,NoLight
video-2,226,0,NoLight
video-2,227,0,NoLight
video-2,228,0,NoLight
video-2,229,0,NoLight
video-2,230,0,NoLight
video-2,231,0,NoLight
video-2,232,0,NoLight
video-2,233,0,NoLight
video-2,234,0,NoLight
video-2,235,0,NoLight
video-2,236,0,NoLight
video-2,237,0,NoLight
video-2,238,0,NoLight
video-2,239,0,NoLight
video-2,240,0,NoLight
video-2,241,0,NoLight
video-2,242,0,NoLight
video-2,243,0,NoLight
video-2,244,0,NoLight
video-2,245,0,NoLight
video-2,246,0,NoLight
video-2,247,0,NoLight
video-2,248,0,NoLight
video-2,249,0,NoLight
video-2,250,0,NoLight
video-2,251,0,NoLight
video-2,252,0,NoLight
video-2,253,0,NoLight
video-2,254,0,NoLight
video-2,255,0,NoLight
video-2,256,0,NoLight
video-2,257,0,NoLight
video-2,258,0,NoLight
video-2,259,0,NoLight
video-2,260,0,NoLight
video-2,261,0,NoLight
video-2,262,0,NoLight
video-2,263,0,NoLight
video-2,264,0,
video-2,265,0,
video-2,266,0,
video-2,267,0,
video-2,268,0,
video-2,269,0,
video-2,270,0,
video-2,271,0,
video-2,272,0,
video-2,273,0,
video-2,274,0,
video-2,275,0,
video-2,276,0,
video-2,277,0,
video-2,278,0,
video-2,279,0,
video-2,280,0,
video-2,281,0,
video-2,282,0,
video-2,283,0,
video-2,284,0,
video-2,285,0,
video-2,286,0,
video-2,287,0,
video-2,288,0,
video-2,289,0,
video-2,290,0,
video-2,291,0,
video-2,292,0,
video-2,293,0,
video-2,294,0,
video-2,295,0,
video-2,296,0,
video-2,297,0,
video-2,298,0,
video-2,299,0,
video-2,300,0,
video-2,301,0,
video-2,302,0,
video-2,303,0,
video-2,304,0,
video-2,305,0,
video-2,306,0,
video-2,307,0,
video-2,308,0,
video-2,309,0,
video-2,310,0,
video-2,311,0,
video-2,312,0,
video-2,313,0,
video-2,314,0,
video-2,315,0,
video-2,316,0,
video-2,317,0,
video-2,318,0,
video-2,319,0,
video-2,320,0,
video-2,321,0,
video-2,322,0,
video-2,323,0,
video-2,324,0,
video-2,325,0,
video-2,326,0,
video-2,327,0,
video-2,328,0,
video-2,329,0,
